{"loss": [3.972024440765381, 3.9589126110076904, 3.9712982177734375, 3.965423583984375, 3.9629883766174316, 3.951936960220337, 3.966745138168335, 3.9744019508361816, 3.982623815536499, 3.983140230178833, 3.9648172855377197, 3.9852194786071777, 3.9730257987976074, 3.9770638942718506, 3.9754011631011963, 3.9852051734924316, 3.986035108566284, 3.9552245140075684, 3.9783692359924316, 3.9681153297424316, 3.9420230388641357, 3.9693667888641357, 3.939178943634033, 3.938767910003662, 3.9478139877319336, 3.9370388984680176, 3.9405925273895264, 3.9371745586395264, 3.940809488296509, 3.943250894546509, 3.9655539989471436, 3.964599609375, 3.954833984375, 3.9605157375335693, 3.967729091644287, 3.9398891925811768, 3.951171875, 3.9437386989593506, 3.94700026512146, 3.956064224243164, 3.9501049518585205, 3.9612984657287598, 3.9656314849853516, 3.9561285972595215, 3.951138973236084, 3.959756851196289, 3.962540864944458, 3.9596986770629883, 3.9580953121185303, 3.958488702774048, 3.9681732654571533, 3.9725382328033447, 3.9595742225646973, 3.947422981262207, 3.946544647216797, 3.9577770233154297, 3.96379017829895, 3.9584872722625732, 3.9496331214904785, 3.953657627105713, 3.9627110958099365, 3.9619140625, 3.9680988788604736, 3.9525301456451416, 3.9523279666900635, 3.963124990463257, 3.968571424484253, 3.95344877243042, 3.957477569580078, 3.9664955139160156, 3.9659411907196045, 3.9556217193603516, 3.966172695159912, 3.959095001220703, 3.9603233337402344, 3.9569809436798096, 3.9567291736602783, 3.9722139835357666, 3.9700028896331787, 3.9604861736297607, 3.9508955478668213, 3.9597582817077637, 3.948702812194824, 3.964484453201294, 3.9690327644348145, 3.9715683460235596, 3.9587016105651855, 3.9721078872680664, 3.963181972503662, 3.9618539810180664, 3.9574081897735596, 3.9852781295776367, 3.9819552898406982, 3.975158214569092, 3.9784293174743652, 3.9647529125213623, 3.9648609161376953, 3.969316005706787, 3.985211133956909, 3.979447364807129, 3.972673177719116, 3.9778308868408203, 3.9858977794647217, 3.9861626625061035, 3.9848339557647705, 3.987362861633301, 4.002817630767822, 3.9997193813323975, 3.985194444656372, 3.9814453125, 3.9874491691589355, 3.9833927154541016, 3.9882349967956543, 3.977891445159912], "policy_output_loss": [3.031106472015381, 3.022733688354492, 3.0328369140625, 3.0245361328125, 3.027083396911621, 3.0150554180145264, 3.0306451320648193, 3.035259962081909, 3.0270071029663086, 3.030576467514038, 2.9924514293670654, 3.008366823196411, 3.0016627311706543, 3.0075221061706543, 3.0063345432281494, 3.0083985328674316, 3.00341796875, 2.9861817359924316, 3.005615234375, 2.994824171066284, 2.9995203018188477, 3.02580189704895, 3.0013020038604736, 3.0077781677246094, 3.011787176132202, 2.999566078186035, 3.001708984375, 3.0034992694854736, 3.0036349296569824, 3.0048015117645264, 3.0152032375335693, 3.0103871822357178, 2.9978249073028564, 3.0104315280914307, 3.0129172801971436, 2.9915049076080322, 3.0095949172973633, 2.998065948486328, 2.998539924621582, 3.0123066902160645, 3.002346992492676, 3.013737440109253, 3.0200400352478027, 3.0122768878936768, 3.005957841873169, 3.0095179080963135, 3.0211782455444336, 3.0157270431518555, 3.014240264892578, 3.0125350952148438, 3.0166211128234863, 3.0203309059143066, 3.0114564895629883, 2.9979681968688965, 2.998741626739502, 3.0087950229644775, 3.0146899223327637, 3.0042495727539062, 3.0015506744384766, 3.0060131549835205, 3.0127851963043213, 3.013873815536499, 3.0186333656311035, 3.005758285522461, 3.006993055343628, 3.009486675262451, 3.0161383152008057, 3.0056138038635254, 3.0113391876220703, 3.011863946914673, 3.0126752853393555, 3.004500150680542, 3.010701894760132, 3.010359525680542, 3.0114872455596924, 3.007711887359619, 3.0092520713806152, 3.0155880451202393, 3.0140035152435303, 3.0065042972564697, 3.000948905944824, 3.003924608230591, 2.9982402324676514, 3.011737108230591, 3.006587505340576, 3.01017689704895, 2.9986636638641357, 3.0136289596557617, 3.003974676132202, 3.0030839443206787, 2.999785900115967, 3.013343572616577, 3.010387897491455, 3.0054662227630615, 3.009173631668091, 2.9958863258361816, 2.995933771133423, 2.998945713043213, 3.0144238471984863, 3.006302833557129, 3.0019025802612305, 3.0072569847106934, 3.011641502380371, 3.0094897747039795, 3.005859375, 3.0126254558563232, 3.0206761360168457, 3.018925189971924, 3.0056910514831543, 3.0060501098632812, 3.0086214542388916, 3.006344795227051, 3.0097310543060303, 3.0032706260681152], "value_output_loss": [0.9410005211830139, 0.9361823797225952, 0.9383468627929688, 0.9408073425292969, 0.9358357787132263, 0.9369466304779053, 0.9362512230873108, 0.9392327666282654, 0.955644965171814, 0.9524627327919006, 0.9723659157752991, 0.9767736196517944, 0.9713497757911682, 0.9696143865585327, 0.969185471534729, 0.976855456829071, 0.9825439453125, 0.9691406488418579, 0.972668468952179, 0.973315417766571, 0.9424856305122375, 0.9434107542037964, 0.9378511905670166, 0.9311094880104065, 0.9360437393188477, 0.9374186396598816, 0.93896484375, 0.9338039755821228, 0.9371134638786316, 0.9383816123008728, 0.9502452611923218, 0.9539794921875, 0.9570035338401794, 0.9501731395721436, 0.9547674059867859, 0.9484223127365112, 0.9415911436080933, 0.9456585645675659, 0.9485692977905273, 0.9437623023986816, 0.9478277564048767, 0.9474584460258484, 0.945702314376831, 0.943732738494873, 0.9451196789741516, 0.9501515626907349, 0.9414536356925964, 0.9439642429351807, 0.9439278244972229, 0.94580078125, 0.9516404867172241, 0.9523876905441284, 0.9480947256088257, 0.9494743347167969, 0.9477637410163879, 0.9490293264389038, 0.9491950869560242, 0.9542732238769531, 0.9480143189430237, 0.9476621747016907, 0.9499876499176025, 0.9480120539665222, 0.949516236782074, 0.946723997592926, 0.9453237056732178, 0.9535658359527588, 0.9525278806686401, 0.9479017853736877, 0.9462583661079407, 0.9546316862106323, 0.9532332420349121, 0.9512096047401428, 0.9555060267448425, 0.9487178921699524, 0.948896586894989, 0.9492263197898865, 0.9476129412651062, 0.9566351175308228, 0.955997109413147, 0.9539472460746765, 0.9498959183692932, 0.9558358788490295, 0.950446367263794, 0.9527817964553833, 0.9625136852264404, 0.9613786935806274, 0.9601322412490845, 0.9584789872169495, 0.959258496761322, 0.9587680697441101, 0.9576308727264404, 0.971971333026886, 0.9716008305549622, 0.9697665572166443, 0.9693095684051514, 0.9688785672187805, 0.9689401388168335, 0.9703261256217957, 0.9708672761917114, 0.9731501340866089, 0.9707115292549133, 0.9706189632415771, 0.9743445515632629, 0.9767556190490723, 0.9788774251937866, 0.974795401096344, 0.9820205569267273, 0.9808700680732727, 0.9793855547904968, 0.9754540324211121, 0.9788709878921509, 0.9771316647529602, 0.9784722924232483, 0.9746122360229492],