{"loss": [7.37890625, 3.84375, 3.62109375, 3.53515625, 3.521484375, 3.498046875, 3.45703125, 3.451171875, 4.078125, 3.5, 3.451171875, 3.451171875, 3.4375, 3.408203125, 3.408203125, 3.373046875, 3.62109375, 3.4140625, 3.376953125, 3.318359375, 3.3125, 3.298828125, 3.30078125, 3.275390625, 3.57421875, 3.39453125, 3.373046875, 3.37109375, 3.3515625, 3.318359375, 3.298828125, 3.2734375, 3.5703125, 3.421875, 3.376953125, 3.3359375, 3.322265625, 3.3125, 3.28515625, 3.28125, Infinity, 3.998046875, 3.765625, 3.66015625, 3.576171875, 3.56640625, 3.53515625, 3.51171875, 3.466796875, 3.3984375, 3.390625, 3.37890625, 3.376953125, 3.34375, 3.333984375, 3.349609375, 3.359701633453369, 3.364623546600342, 3.3366761207580566, 3.3369247913360596, 3.3432669639587402, 3.338977336883545, 3.323593854904175, 3.343210220336914, 3.384075403213501, 3.378220796585083, 3.390141487121582, 3.375211238861084, 3.360417366027832, 3.363412618637085, 3.366732120513916, 3.359083890914917, 3.407412528991699, 3.3923957347869873, 3.395207166671753, 3.3904459476470947, 3.388550281524658, 3.386242389678955, 3.37231707572937, 3.3806397914886475, 3.4022939205169678, 3.3828072547912598, 3.389683961868286, 3.377476215362549, 3.3897995948791504, 3.379345178604126, 3.3810722827911377, 3.3710439205169678, 3.421271324157715, 3.403564453125, 3.403916358947754, 3.4046971797943115, 3.391477584838867, 3.401935577392578, 3.4170310497283936, 3.3882853984832764, 3.3856077194213867, 3.3701279163360596, 3.3736722469329834, 3.375887155532837, 3.370333194732666, 3.3627986907958984, 3.367297649383545, 3.369755268096924, 3.3702666759490967], "policy_output_loss": [6.02734375, 2.796875, 2.61328125, 2.54296875, 2.5234375, 2.501953125, 2.46484375, 2.4765625, 3.025390625, 2.50390625, 2.458984375, 2.447265625, 2.4375, 2.431640625, 2.4296875, 2.404296875, 2.5625, 2.419921875, 2.41015625, 2.376953125, 2.375, 2.37109375, 2.376953125, 2.359375, 2.552734375, 2.4296875, 2.431640625, 2.431640625, 2.421875, 2.390625, 2.384765625, 2.37109375, 2.55078125, 2.44140625, 2.39453125, 2.390625, 2.375, 2.376953125, 2.361328125, 2.375, Infinity, 2.9140625, 2.6953125, 2.607421875, 2.568359375, 2.55078125, 2.5546875, 2.51953125, 2.482421875, 2.43359375, 2.42578125, 2.4140625, 2.416015625, 2.388671875, 2.38671875, 2.3828125, 2.392184019088745, 2.3904616832733154, 2.3682351112365723, 2.368245840072632, 2.3727307319641113, 2.3677520751953125, 2.3619816303253174, 2.3736398220062256, 2.404404878616333, 2.400799036026001, 2.412344217300415, 2.400071382522583, 2.381098747253418, 2.385331392288208, 2.391200065612793, 2.381129264831543, 2.42403244972229, 2.407135248184204, 2.412307024002075, 2.407184362411499, 2.400691270828247, 2.401993989944458, 2.3876328468322754, 2.3961007595062256, 2.418834924697876, 2.3966565132141113, 2.4062578678131104, 2.3950371742248535, 2.40191388130188, 2.3923637866973877, 2.393582344055176, 2.3894827365875244, 2.4301958084106445, 2.414355993270874, 2.4176065921783447, 2.4183268547058105, 2.4074437618255615, 2.4214813709259033, 2.4339404106140137, 2.4065098762512207, 2.398656129837036, 2.380931854248047, 2.3823680877685547, 2.3839333057403564, 2.3741438388824463, 2.3652191162109375, 2.3739078044891357, 2.370713710784912, 2.3725926876068115], "value_output_loss": [1.353515625, 1.0361328125, 1.0078125, 1.0048828125, 0.99658203125, 1.00390625, 0.9912109375, 0.99169921875, 1.0712890625, 0.99951171875, 0.98779296875, 0.99560546875, 0.9951171875, 0.9853515625, 0.97802734375, 0.96923828125, 1.0654296875, 1.0, 0.9755859375, 0.9521484375, 0.9384765625, 0.92919921875, 0.91259765625, 0.908203125, 1.01953125, 0.96435546875, 0.95263671875, 0.94873046875, 0.93701171875, 0.92724609375, 0.92919921875, 0.9091796875, 1.0263671875, 0.99267578125, 0.98486328125, 0.95947265625, 0.94580078125, 0.9365234375, 0.9208984375, 0.91357421875, 1.333984375, 1.041015625, 1.009765625, 1.0009765625, 0.9921875, 0.990234375, 0.9912109375, 0.9873046875, 0.99462890625, 0.98583984375, 0.990234375, 0.98828125, 0.9921875, 0.9873046875, 0.98388671875, 0.98828125, 0.9675337076187134, 0.9741849899291992, 0.9684588313102722, 0.9686843156814575, 0.9705752730369568, 0.9712713360786438, 0.9616335034370422, 0.9696093797683716, 0.9796870350837708, 0.9773887991905212, 0.9778102040290833, 0.9751516580581665, 0.9793290495872498, 0.9780731201171875, 0.975571870803833, 0.9779768586158752, 0.9833840727806091, 0.9852628707885742, 0.982840895652771, 0.9832472205162048, 0.9878436326980591, 0.9842770099639893, 0.9846689701080322, 0.9845076203346252, 0.9834569096565247, 0.9861612319946289, 0.9834122657775879, 0.9824277758598328, 0.9879289865493774, 0.9869629740715027, 0.9874788522720337, 0.9815393090248108, 0.9910455346107483, 0.9892442226409912, 0.9863341450691223, 0.9863755702972412, 0.9840584397315979, 0.980451762676239, 0.9830525517463684, 0.9817957282066345, 0.9869615435600281, 0.9891940951347351, 0.991260290145874, 0.9919903874397278, 0.9961845278739929, 0.9975795149803162, 0.993406355381012, 0.9990734457969666, 0.9976850748062134], "policy_output_accuracy": [0.055572509765625, 0.10369873046875, 0.125732421875, 0.1282958984375, 0.1383056640625, 0.16748046875, 0.1798095703125, 0.1873779296875, 0.12451171875, 0.1595458984375, 0.171142578125, 0.1759033203125, 0.1771240234375, 0.1885986328125, 0.2437744140625, 0.2369384765625, 0.2232666015625, 0.243896484375, 0.2430419921875, 0.240234375, 0.245361328125, 0.250732421875, 0.2462158203125, 0.261474609375, 0.1666259765625, 0.201171875, 0.2421875, 0.247802734375, 0.245849609375, 0.2413330078125, 0.230712890625, 0.22900390625, 0.169189453125, 0.179931640625, 0.188720703125, 0.193603515625, 0.22998046875, 0.2288818359375, 0.2342529296875, 0.23974609375, 0.11474609375, 0.179443359375, 0.1949462890625, 0.188232421875, 0.1953125, 0.2030029296875, 0.2132568359375, 0.190673828125, 0.2054443359375, 0.211181640625, 0.213134765625, 0.2119140625, 0.2135009765625, 0.216064453125, 0.2176513671875, 0.21240234375, 0.227294921875, 0.22509765625, 0.207763671875, 0.207275390625, 0.20556640625, 0.2030029296875, 0.2054443359375, 0.204345703125, 0.2091064453125, 0.204345703125, 0.1973876953125, 0.20263671875, 0.2049560546875, 0.2061767578125, 0.201904296875, 0.205810546875, 0.19873046875, 0.2032470703125, 0.198974609375, 0.19921875, 0.201171875, 0.1993408203125, 0.2034912109375, 0.2020263671875, 0.181884765625, 0.153076171875, 0.15576171875, 0.1446533203125, 0.1400146484375, 0.1446533203125, 0.1414794921875, 0.1463623046875, 0.1761474609375, 0.167236328125, 0.183349609375, 0.173828125, 0.1915283203125, 0.2396240234375, 0.2366943359375, 0.278564453125, 0.31640625, 0.253662109375, 0.2469482421875, 0.2479248046875, 0.28076171875, 0.360107421875, 0.242431640625, 0.2529296875, 0.233154296875], "epochs": [8, 8, 16, 24, 32, 40, 48, 56, 64, 72, 80, 88, 89, 90, 91, 92, 93, 94, 95, 96, 97, 98, 99, 100, 101, 102, 103, 104]}