{"loss": [Infinity, 4.41796875, 4.20703125], "policy_output_loss": [Infinity, 3.474609375, 3.27734375], "value_output_loss": [1.4228515625, 1.0185546875, 0.9970703125], "policy_output_accuracy": [0.03851318359375, 0.05120849609375, 0.054962158203125], "epochs": [3]}